0	has_both_lat_long_int	words_as_string
0	0	ﬂuctuate,less,in,earlier,Holocene,sediments,,,showing,increased,variability,after,ca,4600,cal,BP,.
0	0	Ecology,67,,,958e966,.
1	1	Sampling,and,analytical,techniques,In,March,2008,,,we,dug,a,trench,520,cm,deep,and,30,cm,wide,into,the,side,of,the,``,Straldja,'',tile,factory,'s,quarry,in,the,lowest,part,of,the,Straldzha,Mire,-LRB-,Fig.,2,;,42,3704900N,,,26,4601200E,,,138,m,a.s.l.,-RRB-,.
1	1	number,Age,-LRB-,BP,-RRB-,Depth,of,lower,Depth,of,-LRB-,cm,-RRB-,*,-LRB-,mg,-RRB-,YD,upper,YD,boundary,*,boundary,*,Splan,Pond,45,°,15,',20,``,N,,67,°,19,',50,``,W,106,m,a.s.l.,,,4,ha,10.6,m,max,.
1	0	Pollen,samples,from,41-47,'',N,and,6677,'',W,were,used,to,derive,the,regression,equation,for,the,three,northeastern,sites,.
0	0	~,.
0	0	300,X.,-LRB-,I,-RRB-,Part,of,a,modern,peltate,trichome,of,Slleplrerdirr,ca,~,lrrcle,~,~,frsoism,the,U.B.C.,Herbarium,.
0	0	In,addition,to,the,comparatively,well-represented,Pinus,-LRB-,Pinus,diploxylon-type,,,Pinus,peuce,-RRB-,the,record,indicates,nearly,continuous,,,though,low,presence,of,pollen,of,Betula,,,Juniperus,,,deciduous,Quercus,,,Tilia,,,Abies,,,Picea,,,Fagus,and,Alnus,.
0	0	The,best,settings,in,which,to,document,such,responses,are,characterized,by,high,biodiversity,and,short,migration,distances,,,e.g.,tropical,lowland,environments,that,abut,steep,mountain,slopes,-LRB-,Colwell,et,al.,,,2008,-RRB-,.
1	1	Holocene,climate,variability,and,environmental,history,at,the,Patagonian,forest/steppe,ecotone,:,Lago,Mosquito,-LRB-,42,2903.8900,S,,,71,24014.5700,W,-RRB-,and,Laguna,del,Cóndor,-LRB-,42,20047.2200,S,,,71,17007.6200,W,-RRB-,.
0	0	3.3,.
1	0	Organic,Fraction,for,All,Samples,Y-2572,Y-2573,Y-2574,Y-2575,Y-2576,320-330 565-575,740-750 935-945,1160-1170,2830,+,100,4490,f,120,6850,f,140,9080,+,160,12,720,i,:,200,-29.0,-27.2,-27.9,-,28.6,-,28.9,Queechy,Lake,,,New,York,-LRB-,42,',24.5,’N,lat,,,73,',25,',W,long,-RRB-,.
0	0	Q.,Yao,et,al.,/,Quaternary,Research,83,-LRB-,2015,-RRB-,449,--,458,457,Acknowledgments,This,research,was,supported,by,grants,from,the,National,Science,Foundation,-LRB-,NSF,DDRI,Grant,No,.
0	0	This,project,was,partially,funded,by,a,Research,and,Development,Committee,grant,at,East,Tennessee,State,University,.
1	1	Material,sampling,A,core,was,drilled,in,the,deepest,place,of,the,cirque,basin,-LRB-,50,4504600N,,,15,330800E,,,1039,m,a.s.l.,-RRB-,,,located,about,200,m,above,the,conﬂuence,of,the,Labe,and,Pancˇava,rivers,-LRB-,Fig.,1,-RRB-,.
1	1	Lake,Blatisto,,,Rhodopes,Mountains,-LRB-,South,Bulgaria,-RRB-,JOHN,VAN,HUIS1,†,,,SPASSIMIR,TONKOV2,&,ELISSAVETA,BOZILOVA2,1Institute,for,Biodiversity,and,Ecosystem,Dynamics,-LRB-,IBED,-RRB-,,,University,of,Amsterdam,,,1098,SM,Amsterdam,,,The,Netherlands,,,2Laboratory,of,Palynology,,,Department,of,Botany,,,Faculty,of,Biology,,,Soﬁa,University,`,St,Kliment,Ohridski,',,,Soﬁa,,,Bulgaria,Site,details,Lake,Blatisto,-LSB-,41,◦,37,17.26,N,,,24,◦,40,41.27,E,;,1540,m,above,sea,level,-LRB-,a.s.l.,-RRB-,-RSB-,belongs,to,the,group,of,the,Smolyan,lakes,situated,in,the,coniferous,belt,of,the,Central,Rhodopes,Mountains,in,Bulgaria,on,several,swampy,terraces,along,a,small,river,in,an,area,with,a,pyroclastic,geology,of,Oligocene,age,,,consisting,of,rhyolite,.
1	1	Depth,to,water-table,Reference,Latitude,Longitude,Elevation,Range,Mean,Æ,SD,-LRB-,including,sampling,Site,-LRB-,8N,-RRB-,-LRB-,8W,-RRB-,-LRB-,m,ASL,-RRB-,nÃ,-LRB-,cm,-RRB-,-LRB-,cm,-RRB-,date,for,new,data,-RRB-,Saco,Heath,-LRB-,SCB,-RRB-,,,MN,43833.194,70828.265,44,26,3,to,65,25,Æ,16.7,This,study/June,2010,Sidney,Bog,-LRB-,SDY,-RRB-,,,MN,44823.274,69847.260,90,24,3,to,58,32,Æ,17.6,This,study/June,2010,Orono,Bog,-LRB-,ORO,-RRB-,,,MN,44852.286,68843.630,40,18,8,to,36,22,Æ,11.1,Booth,-LRB-,2008,-RRB-,Petite,Bog,-LRB-,PTB,-RRB-,,,NS,4588.659,63856.219,50,16,0,to,46,16,Æ,16.1,This,study/June,2010,Colin,Bog,-LRB-,CLB,-RRB-,,,NS,4586.459,63853.683,28,27,0,to,56,13,Æ,15.9,This,study/May,2011,Manic,Bog,-LRB-,MNC,-RRB-,,,QC,4987.388,68817.519,20,5,3,to,32,13,Æ,12.3,This,study/June,2011,Lebel,Bog,-LRB-,LBL,-RRB-,,,QC,4986.457,68814.425,13,9,--,8,to,51,16,Æ,18.6,This,study/June,2011,Tourbie,`,re,des,Sept,Isles,-LRB-,TSI,-RRB-,,,QC,50812.095,66836.081,64,6,1.5,to,40,15,Æ,16.2,This,study/June,2011,Tourbie,`,re,de,l’Ae,´,roport,-LRB-,TDA,-RRB-,,,QC,50816.501,63836.841,33,6,--,2,to,38,18,Æ,16.5,This,study/June,2011,Plaine,Bog,-LRB-,PLB,-RRB-,,,QC,50816.172,63832.428,19,7,--,4,to,28,13,Æ,12.9,This,study/June,2011,Kegaska,Bog,-LRB-,KGK,-RRB-,,,QC,50812.640,61815.008,24,4,1.5,to,40,21,Æ,17.2,This,study/June,2011,Burnt,Village,Bog,-LRB-,BVB,-RRB-,,,NFL,5187.562,55855.645,28,25,0,to,43,12,Æ,14.0,This,study/June,2010,Nordan,'s,Pond,Bog,-LRB-,NDN,-RRB-,,,NFL,4989.646,53835.903,27,20,0,to,40,14,Æ,13.5,This,study/May,2011,Stephenville,Bog,-LRB-,STE,-RRB-,,,NFL,48832.974,58826.064,34,6,0,to,46,20,Æ,18.9,Charman,and,Warner,-LRB-,1997,-RRB-,Crooked,Bog,A-C,-LRB-,CRO,-RRB-,,,NFL,4988.361,5686.685,190,14,--,4,to,26,9,Æ,9.2,Charman,and,Warner,-LRB-,1997,-RRB-,Ocean,Pond,-LRB-,OCE,-RRB-,,,NFL,47825.642,53826.275,92,9,2,to,34,20,Æ,10.1,Charman,and,Warner,-LRB-,1997,-RRB-,Witless,Bay,Line,-LRB-,WIT,-RRB-,,,NFL,47820.207,5380.994,240,4,0,to,32,15,Æ,13.2,Charman,and,Warner,-LRB-,1997,-RRB-,Sam,'s,River,A,-LRB-,SAM,-RRB-,,,NFL,46843.859,53831.112,150,6,0,to,31,11,Æ,11.6,Charman,and,Warner,-LRB-,1997,-RRB-,Ãn,1/4,number,of,samples,analysed,-LRB-,total,n,1/4,232,-RRB-,.
1	1	Stratigraphy,,,paleoenvironment,and,chronology,The,western,camel,phalanx,YG,400.6,was,recovered,in,August,2010,by,D.,Turner,and,B.,Ward,in,situ,from,the,top,of,an,8,m,high,sedimentary,exposure,composed,of,ﬁve,units,,,7,km,beyond,the,MIS,2,glacial,limit,-LRB-,62,340,41,'',N,;,139,590,47,'',W,;,Figs.,1,and,4,-RRB-,.
0	0	Background,Locality,The,geography,and,geology,of,the,Saltville,region,are,covered,in,numerous,articles,-LRB-,e.g.,Cooper,1966,;,Ray,et,al.,1967,;,McDonald,&,Bartlett,1983,;,McDonald,2000,-RRB-,;,therefore,we,provide,only,a,brief,summary,here,.
0	1	This,core,is,from,site,`,Quebrada,del,Amor,',-LRB-,72,‡,25PW,,,0,‡,35PS,-RRB-,,,collected,at,the,edge,of,the,Araracuara,air-strip,in,a,Bonnetia,martiana,shrubland,-LRB-,Fig.,2,-RRB-,.
1	1	From,left,to,right,are,shown,:,-LRB-,1,-RRB-,pollen,record,Llano,Grande-1,-LRB-,6,°,29,′,N,,,76,°,6,′,W,;,3460,m,elevation,;,Western,Cordillera,,,Colombia,;,this,paper,-RRB-,;,-LRB-,2,-RRB-,pollen,record,Lake,Fúquene-2,-LRB-,5,°,27,′,N,,,73,°,46,′,W,;,2540,m,elevation,;,Eastern,Cordillera,,,Colombia,;,Van,Geel,and,Van,der,Hammen,,,1973,;,Groot,et,al.,,,2011,;,Bogotá-A,.
1	1	At,41,m,a.s.l.,,,liten,C,ap,',pesjav,',ri,is,at,least,3,m,below,the,closest,points,where,the,marine,limit,elevation,is,reported,by,Sollid,et,al.,-LRB-,1973,-RRB-,-LRB-,44,m,at,Yttervaer,,,6,km,south,at,71,10,1400,N,,,25,210,1400,E,;,47.5,m,at,Austerbotn,,,7.5,km,south-east,at,71,20,500,N,,,25,320,1100,E,-RRB-,,,whilst,over,Kobbkrokvatnet,,,at,51,m,a.s.l.,,,is,at,least,2.5,m,below,the,closest,points,with,reported,marine,limit,elevations,-LRB-,53.5,m,at,Straumen,,,ca,2,km,south-east,at,70,410,2200,N,,,29,190,3500,E,;,54.5,m,east,of,Homvdneset,,,ca,2,km,south,at,70,400,4000,N,,,29,160,2700,E,-RRB-,.
1	0	Journal,of,Climate,11,,,3128,--,3147,.
0	0	Each,occlusal,surface,extends,posteriorly,through,the,15th,lamella,.
1	1	Geography,and,geology,The,sediment,core,studied,in,this,paper,comes,from,the,Llano,Grande,basin,which,is,part,of,the,Páramo,de,Frontino,,,located,at,6,°,29,′,N,and,76,°,6,′,W,.
0	0	Fenn.,,,AIII,,,50,:,1-239,.
0	0	Comparison,of,paleoclimatic,reconstructions,:,MERS,vs.,MORSI,The,MERS,experiment,produced,paleoclimate,reconstructions,for,80,%,of,the,fossil-pollen,samples,at,Crystal,Lake,,,and,the,MORSI,experiment,produced,paleoclimate,reconstructions,for,73,%,of,the,fossil-pollen,samples,-LRB-,Fig.,6,-RRB-,.
1	1	Study,zone,The,sampling,site,is,a,pond,located,3.6,km,from,coast,,,within,the,Ría,Lagartos,Biosphere,Reserve,on,the,northern,Yucatan,Peninsula,-LRB-,21º34,',46,'',N,,,88º04,',19.7,'',W,-RRB-,-LRB-,Fig.,1,-RRB-,.
0	0	Only,four,ﬁre,episodes,occurred,between,AD,1250,and,1880,when,European,settlement,occurred,,,with,ﬁre-return,intervals,ranging,from,42,--,174,yr,between,ﬁres,and,an,mFRI,of,125,yr,.
1	1	Midden,designation,Latitude,-LRB-,°,N,-RRB-,Longitude,Elevation,Aspect,14C,Age,SD,Lab,code,2σ,calibrated,age,range,Calibrated,age,midpoint,Material,-LRB-,°,W,-RRB-,-LRB-,m,-RRB-,-LRB-,cal,yr,BP,-RRB-,-LRB-,cal,yr,BP,-RRB-,dated,Driftwood,Canyon,648A,Canada,de,los,Burros,621,Canada,de,los,Burros,614B,Canada,el,Diablito,626,Canada,de,los,Burros,614A,Canada,de,los,Burros,624,Canada,el,Diablito,625,Driftwood,Canyon,943,Driftwood,Canyon,631,Canada,de,los,Burros,622,Canada,de,los,Burros,623B,Canada,de,los,Burros,623A,Canada,el,Diablito,601,Canada,de,los,Burros,642,Driftwood,Canyon,644C,Canada,de,los,Burros,610,Driftwood,Canyon,646B,Driftwood,Canyon,630,Waterfall,Canyon,970A,Driftwood,Canyon,628,Driftwood,Canyon,644A,Canada,de,los,Burros,609,Driftwood,Canyon,629B,Driftwood,Canyon,629A,Driftwood,Canyon,646C,Waterfall,Divide,951A,Waterfall,Divide,951C,Canada,el,Diablito,643B,Driftwood,Canyon,971,Driftwood,Canyon,950,Driftwood,Canyon,959B,Waterfall,Canyon,963,Driftwood,Canyon,972A,Driftwood,Canyon,985,Canada,de,los,Burros,611,Driftwood,Canyon,945B,Driftwood,Canyon,946,Driftwood,Canyon,945C,30,°,56.20,′,31,°,08.54,′,31,°,08.54,′,31,°,03.50,′,31,°,08.54,′,31,°,08.43,′,31,°,03.53,′,30,°,56.49,′,30,°,56.37,′,31,°,08.56,′,31,°,08.53,′,31,°,08.53,′,31,°,03.53,′,31,°,08.44,′,30,°,56.23,′,31,°,08.54,′,30,°,56.27,′,30,°,56.19,′,30,°,56.06,′,30,°,56.27,′,30,°,56.23,′,31,°,08.67,′,30,°,56.27,′,30,°,56.27,′,30,°,56.27,′,30,°,56.12,′,30,°,56.12,′,31,°,03.50,′,30,°,56.60,′,30,°,56.35,′,30,°,56.51,′,30,°,56.57,′,30,°,56.60,′,30,°,56.51,′,31,°,08.54,′,30,°,56.49,′,30,°,56.49,′,30,°,56.49,′,115,°,15.53,′,115,°,25.57,′,115,°,25.65,′,115,°,21.39,′,115,°,25.65,′,115,°,25.60,′,115,°,21.40,′,115,°,15.45,′,115,°,15.60,′,115,°,25.73,′,115,°,25.70,′,115,°,25.70,′,115,°,21.44,′,115,°,25.62,′,115,°,15.28,′,115,°,25.69,′,115,°,15.30,′,115,°,15.33,′,115,°,15.18,′,115,°,15.25,′,115,°,15.28,′,115,°,25.67,′,115,°,15.32,′,115,°,15.32,′,115,°,15.30,′,115,°,15.13,′,115,°,15.13,′,115,°,21.41,′,115,°,15.64,′,115,°,15.61,′,115,°,15.74,′,115,°,15.16,′,115,°,15.64,′,115,°,15.50,′,115,°,25.69,′,115,°,15.45,′,115,°,15.45,′,115,°,15.45,′,692 709 729 893,729 733 893 689,647 740 754 754,899 718 692 707,673 790 650 722,692 666 680 680,673 648 648 870,745,758,~,700 705 745 720,690 689 689 689,N,ENE,WNW,S,WNW,ENE,N,SSE,N,WNW,ESE,ESE,ENE,NE,NW,ESE,NNW,ENE,NNE,ENE,NW,NW,ENE,ENE,NNW,NE,NE,SSE,SSE,S,S,N,SSE,SSE,NNW,SSE,SSE,SSE,583 1450 1539 1644,1808 4030 4282 4320,4909 4942 5290 5314,5390 5627 5649 6577,6852 7480 7870 7970,8050 8700 8890 8960,9210 9730 9860 9880,10,100,10,210,11,650,11,740,12,330,19,410,21,660,22,750,26,180,28,590,30,AA51861,534,--,650,34,AA54747,1298,--,1394,39,AA51845,1350,--,1523,37,AA51848,1416,--,1686,35,AA54746,1621,--,1857,52,AA54741,4411,--,4807,42,AA51849,4709,--,4968,51,AA51864,4827,--,5039,41,AA51863,5589,--,5721,42,AA54742,5593,--,5840,45,AA51844,5938,--,6189,42,AA54748,5950,--,6261,61,AA51847,6001,--,6291,46,AA51846,6308,--,6492,45,AA51851,6311,--,6532,46,AA54744,7425,--,7566,43,AA51865,7609,--,7787,56,AA51862,8186,--,8385,53,AA51841,8548,--,8976,52,AA51844,8648,--,8997,53,AA51853,8724,--,9120,68,AA54743,9537,--,9907,59,AA51850,9767,--,10195,55,AA51852,9913,--,10229,68,AA51859,10,553,60,AA51857,11,249,60,AA51840,11,598,60,AA51860,11,601,57,AA54734,11,976,58,AA54738,12,138,78,AA51842,13,691,67,AA54735,13,748,70,AA54737,14,714,120,AA54736,23,565,220,AA54745,26,690,180,AA51858,28,010,310,AA51843,31,224,340,AA54739,34,419,590 1345 1435 1550,1740 4610 4840 4930,5655 5715 6065 6105,6145 6400 6420 7495,7700 8285 8760 8825,8920 9720 9980,10,070,10,395,11,025,11,390,11,400,11,690,11,895,13,505,13,585,14,365,23,100,25,935,27,425,30,795,33,135,Prunus,seed,Prunus,seed,Acorn,Quercus,leaves,Acorn,Quercus,leaves,Quercus,leaves,Fabaceae,leaves,Quercus,leaves,Quercus,leaves,Acorn,Quercus,leaves,Acorns,Acorn,Quercus,leaves,Acorn,Quercus,leaves,Prosopis,leaf,Acorns,Acorns,Acorns,Prunus,seed,Acorns,Acorns,Quercus,leaves,Quercus,leaves,Acorns,Quercus,leaves,Acorns,Acorns,Pinus,cone,scale,Acorns,Acorns,Acorns,Acorn,Juniperus,stem,Acorns,Juniperus,stem,-LRB-,Holmgren,et,al.,,,2010,-RRB-,was,used,to,conﬁrm,that,the,juniper,fossils,found,within,the,middens,are,Juniperus,californica,.
0	1	IO,-RRB-,vv,0.67,0.65,0.90,37.70,Annual,precipitation,-LRB-,mm,-RRB-,=,90.85,+,0.30,x,Picec4,+,0.55,%,Fl4@45,+,3.08,x,Querc,~,~,.
1	1	The,sites,are,located,between,the,latitudes,of,3,30,``,430,'N,and,the,longitudes,of,69,74,',W,at,elevations,between,80,and,450,m,in,the,provinces,7,~,o,~,7b,°,65,°,Caracas,60,°,R,•,Rfo,Tom,#J,5,-,j,L,a,g,u,n,a,Sardinas,LagunaAngel,~,,1,4,-,Llanos,Orientales,74,•,~,Laguna,de,Agua,Sucia,73,I.,72,I,71,I,100,km,70,I,Fig.,1,.
1	1	Peat-bog,Begbunar,-LRB-,Osogovo,Mountains,,,south-west,Bulgaria,-RRB-,:,Four,millennia,of,vegetation,history,MARIAEPDB6.Begbunar,-LRB-,Bulgaria,-RRB-,LAZAROVA1,,,SPASSIMIR,TONKOV2,,,IAN,SNOWBALL3,&,ELENA,MARINOVA4,1Institute,of,Botany,,,Bulgarian,Academy,of,Sciences,,,Sofia,,,Bulgaria,,,2Laboratory,of,Palynology,,,Department,of,Botany,,,Faculty,of,Biology,,,Sofia,University,``,St.,Kliment,Ohridski,'',,,Sofia,,,Bulgaria,,,3GeoBiosphere,Science,Centre,,,Quaternary,Sciences,,,Department,of,Geology,,,Lund,University,,,Lund,,,Sweden,,,4Center,for,Archaeological,Sciences,,,Katholieke,Universiteit,Leuven,,,Leuven,,,Belgium,Site,details,The,peat-bog,Begbunar,-LRB-,42,°,09,cents,N,,,22,°,33,cents,E,;,1750,m,a.s.l.,-RRB-,is,located,in,the,central,treeless,zone,of,the,Osogovo,mountains,,,which,are,situated,at,the,border,between,south-western,Bulgaria,and,the,north-eastern,former,Yugoslav,Republic,of,Macedonia,.
0	0	The,longer,time,period,,,compared,to,the,20th,century,,,to,dewater,lakes,,,despite,more,intense,aridity,,,is,attributed,to,the,greater,depth,and,volume,of,water,storage,at,that,time,;,since,in,midHolocene,time,these,lakes,contained,far,less,sediment,but,were,nonetheless,ﬁlled,to,full,stage,at,elevations,similar,to,today,.
1	1	of,lakes,1,slpin,Staurosirella,pinnata,-LRB-,Ehrenberg,-RRB-,D.M.,Williams,&,Round,69.39,2,sacfv,Staurosira,venter,-LRB-,Ehrenberg,-RRB-,Cleve,&,Mo,¨,ller,58.02,3,ampcop,Amphora,copulata,-LRB-,Ku,¨,tzing,-RRB-,Schoeman,&,Archibald,55.11,4,pseubre,Pseudostaurosira,brevistriata,-LRB-,Grunow,-RRB-,D.M.,Williams,&,Round,51.65,5,pseupseu,Pseudostaurosira,pseudoconstruens,-LRB-,Marciniak,-RRB-,D.M.,Williams,&,Round,49.84,6,ampina,Amphora,inariensis,Krammer,47.86,7,dentkue,Denticula,kuetzingii,Grunow,46.47,8,psmgfd,Psammothidium,grischunum,f.,daonensis,-LRB-,Lange-Bertalot,-RRB-,Bukhtiyarova,42.16,&,Round,9,psammar,Psammothidium,marginulatum,-LRB-,Grunow,-RRB-,Bukhtiyarova,&,Round,33.17,10,cycstell,Cyclotella,stelligera,-LRB-,form,2,-RRB-,Cleve,&,Grunow,32.10,11,framic,Fragilaria,microstriata,Marciniak,26.72,12,slpinvi,Staurosirella,pinnata,-LRB-,long,form,-RRB-,-LRB-,Ehrenberg,-RRB-,D.M.,Williams,&,Round,25.39,13,slpinvla,Staurosirella,pinnata,var,.
1	1	Species,Specimen,Elements,Location,Mammut,americanum,Mammut,americanum,Mammut,americanum,Hawthorne,Farm,mastodont,,,discovered,fall,1955,,,excavated,Apr,1956,Brewster,Creek,mastodont,,,discovered/excavated,Aug,--,Sep,2005,Aurora,mastodonts,,,excavated,1934,,,Civil,Works,Administration,Partial,skeleton,Three,upper,molars,,,bone,fragments,Three,skulls,,,4,tusks,,,mandible,,,scapula,,,some,vertebra,,,other,bones,Ford,County,40,3600,470,N,,,88,1000,530,W,-LRB-,approximate,-RRB-,DuPage,County,41,5800,550,N,,,88,1400,560,W,Kane,County,41,4400,130,N,,,88,1700,490,W,Depositional,context,Mire,peat,Mire,peat,Lake,marl,Mammuthus,primigenius,Lincoln,College,mammoth,,,discovered,Sep,2005,Mammuthus,primigenius,Painter,Creek,mammoth,,,donated,to,ISM,in,1905,Mammuthus,jeffersonii,Wyanet,mammoth,,,discovered,Aug,1993,Mammuthus,cf.,M.,jeffersonii,Principia,College,mammoth,,,discovered,1999,,,excavated,2002,--,2008,Two,tusks,,,left,and,right,upper,third,molars,,,each,in,maxilla,,,right,with,attached,malar,Left,upper,third,molar,Right,lower,second,molar,Major,portion,of,skeleton,Logan,County,40,1300,290,N,,,89,2200,490,W,Alluvium,Hancock,County,40,1300,400,N,,,91,1300,180,W,-LRB-,approximate,-RRB-,Bureau,County,41,2200,180,N,,,89,3900,90,W,Jersey,County,40,1300,400,N,,,91,1300,180,W,Assumed,to,be,alluvium,Alluvium,-LRB-,gravel,pit,-RRB-,Loess,Catalog,number,ISM,497312,ISM,497383,ISM,413978,ISM,494012,Current,location,ISM,Geology,Collections,Visitor,Center,,,James,``,Pate,'',Philip,State,Park,,,Bartlett,,,IL,Aurora,Historical,Society,and,Visitor,Center,and,Mastodon,Gallery,,,Phillips,Park,,,Aurora,,,IL,ISM,Geology,Collections,and,McKinstry,Library,,,Lincoln,College,,,Lincoln,,,IL,ISM,Geology,Collections,ISM,Geology,Collections,Science,Center,,,Principia,College,,,Elsah,,,IL,J.J.,Saunders,et,al.,/,Quaternary,International,217,-LRB-,2010,-RRB-,175,--,187,179,Fig.,3,.
0	0	A,record,from,Lake,Cardiel,of,climate,change,in,southern,South,America,.
1	1	A,V4.4-m-long,sediment,core,from,Laguna,Chorreras,and,an,V9.5-m-long,core,from,Laguna,Pallcacocha,-LRB-,Fig.,2,-RRB-,were,obtained,for,fossil,pollen,analysis,with,a,square,rod,piston,corer,B.C.S.,Hansen,et,al.,/,Palaeogeography,,,Palaeoclimatology,,,Palaeoecology,194,-LRB-,2003,-RRB-,79,^,108,pp.,85,^,86,Fig.,4,.
1	1	This,site,-LRB-,lat,41,°,15,'S,,,long,71,°,28,`,W,-RRB-,is,located,at,800,m,elevation,between,the,lakes,Mascardi,and,Gutierrez,,,about,20,km,south,of,Bariloche,-LRB-,Text-Figure,5,site,5b,-RRB-,.
0	0	The,shift,in,diatom,species,between,the,1930s,and,1980s,indicates,that,the,lake,was,acidifying,and,metal,concentrations,were,increasing,.
1	1	Depth,UGAMS,#,Label,ID,Source/Material,-LRB-,cm,-RRB-,Age,-LRB-,14C,yr,BP,-RRB-,Age,-LRB-,cal,yr,BP,-RRB-,with,2-sigma,range,29 88 156 232,249,323.5,449,3249 2773 3032 2774,3031 2775 3478,LL07D,LL07D,LL07D,LL07D,LL07D,LL07D,LL07D,Pinus,contora,needle,Pinus,contorta,needle,Pinus,contorta,needle,Pinus,contorta,needle,Abies,lasiocarpa,needle,Pinus,ﬂexis,needle,Abies,lasiocarpa,needle,50,±,35,1730,±,35,3510,±,30,6460,±,45,8110,±,50,9630,±,50,10325,±,50,31,--,139,1549,--,1714,3698,--,3864,7275,--,7435,8976,--,9152,10,774,--,11,180,11,975,--,12,386,Site,description,Long,Lake,,,Carbon,County,,,Wyoming,-LRB-,41,°,30.099,′,N,,,106,°,22.087,′,W,,,elevation,2700,m,-RRB-,lies,within,a,closed,drainage,basin,situated,behind,a,terminal,Pinedale,moraine,within,the,Medicine,Bow,River,drainage,-LRB-,Atwood,,,1937,-RRB-,-LRB-,Fig.,1,-RRB-,.
0	0	Logs,raised,from,the,lake,have,between,130,and,200,rings,,,indicating,that,if,the,trees,grew,in,place,during,an,extended,drought,,,the,lake,would,have,been,low,for,possibly,two,centuries,-LRB-,$,990,--,790,cal,yr,BP,-RRB-,.
0	0	Between,ϳ11,,500,and,11,200,cal,yr,B.P.,,,the,organic,content,of,the,sediments,rose,,,sediment,accumulation,rates,increased,,,quillwort,spores,disappeared,,,and,water,lily,pollen,and,leaf-hair,bases,-LRB-,microscopic,remains,of,water,lily,plants,;,Adam,,,1967,-RRB-,dramatically,increased,in,abundance,.
0	0	Am.,,,Boulder,,,CO,,,pp.,289-321,.
1	1	Moraine,Lake,-LRB-,52,',16,',N,,,58,',03,',W,,,elevation,385,m,-RRB-,occupies,a,small,-LRB-,45,ha,-RRB-,ice-block,depression,in,the,hummocky,Paradise,Moraine,.
1	1	Details,associated,with,S.C.,Fritz,et,al.,/,Quaternary,Research,68,-LRB-,2007,-RRB-,410,--,420,413,Table,1,Radiocarbon,ages,as,determined,by,accelerator,mass,spectrometry,-LRB-,AMS,-RRB-,dating,of,the,total,organic,carbon,fraction,of,the,bulk,sediments,Lab,#,Drive,--,section,--,depth,Core,depth,-LRB-,mblf,-RRB-,δ13C,-LRB-,per,mil,PDB,-RRB-,14C,age,-LRB-,yr,BP,-RRB-,Age,error,-LRB-,yr,-RRB-,Calendar,age,-LRB-,yr,BP,-RRB-,Upper,age,Lower,age,CURL-6087,AA46943,AA46944,AA46945,AA46946,CURL-6088,AA46947,CURL-6089,AA46948,CURL-6090,CURL-5941,CURL-5942,AA46949,AA46949,CURL-5943,CURL-5944,AA46950,CURL-5945,AA46951,CURL-6091,CURL-6092,CURL-5946,1H,--,CC,2H,--,1,5,--,6,cm,2H,--,1,77,--,78,cm,2H,--,2,9,--,10,cm,2H,--,2,116,--,117,cm,2H,--,CC,3H,--,2,98,--,99,cm,3H,--,CC,4H,--,1,98,--,99,cm,4H,--,CC,5H,--,CC,6H,--,CC,7H,--,2,4.5,--,5.5,cm,7H,--,2,4.5,--,5.5,cm,7H,--,CC,8H,--,CC,9H,--,1,49,--,50,cm,9H,--,CC,10H,--,2,25,--,26,cm,10H,--,CC,16H,--,2,--,50,cm,16H,--,CC,0.108,0.28,1.00,1.83,2.90,3.12,5.715,6.135,7.21,9.04,11.84,15.04,16.78,16.78,18.04,21.15,21.72,24.16,25.99,27.09,44.25,45.23,−,21.5,−,19.3,−,20.4,−,22.2,−,27.4,−,26.2,−,28,−,25.2,−,25.9,−,24.3,−,24.3,−,24.64,−,26.46,−,1.52,−,25.1,−,25.25,−,26.8,−,25.98,−,27.1,−,27,−,19.8,−,20.18,3050 3625 5988 8601,12,123,14,360,12,238,18,790,20,000,20,760,22,310,24,190,25,110,25,310,28,390,33,370,31,230,36,680,37,900,N,43,000,N,43,000,N,52,000,30,43,52,62,81,50,72,65,150 80 140 160,222 220 180 200,660 270 1900,3268 3933 6818 9584,14,217,17,211,14,356,22,311,23,210,24,046,25,752,27,821,28,834,29,054,32,444,37,925,35,569,41,142,41,416,3164 3782 6672 9474,13,701,16,721,13,843,21,611,3354 4084 6947 9815,15,344,17,722,15,394,23,043,Calendar,age,calibration,of,the,14C,ages,is,based,on,CALIB,4.4.2,-LRB-,Stuiver,et,al.,,,1998,-RRB-,for,ages,less,than,20,000,14C,yr,before,present,-LRB-,BP,-RRB-,;,calendar,ages,indicate,the,median,probability,and,the,2-sigma,upper,and,lower,age,limits,.
0	0	Needles,of,Picea,were,present,.
1	1	Based,on,analysis,of,pollen,,,diatoms,,,charcoal,,,and,sediment,magnetism,in,sediment,cores,,,we,present,the,history,of,vegetation,,,fire,,,hydrologic,changes,and,climate,from,a,fen,-LRB-,Mallín,Pollux,,,45,°,41,′,30,″,S,,,71,°,50,′,30,″,W,,,640,m,elev,.,-RRB-
0	0	H.,C.,Cooper,,,Jr.,and,Company,,,Minneapolis,,,Minn.,.
1	1	Oxygen,-LRB-,%,sat,-RRB-,92.6,±,3.3,-12.2,±,4.0,92.9,±,7.2,-3.5,±,8.9,90.9,±,5.2,-30.7,±,10.9,2.3,-LRB-,NS,-RRB-,9.6,-LRB-,0.003,-RRB-,2.8,-LRB-,NS,-RRB-,pH,6.7,±,0.2,-0.9,±,0.2,7.1,±,0.2,-0.7,±,0.2,7.5,±,0.1,-1.2,±,0.2,9.0,-LRB-,0.001,-RRB-,43.5,-LRB-,<,0.001,-RRB-,1.0,-LRB-,NS,-RRB-,TSS,2.4,±,0.6,-4.5,±,2.0,21.6,±,4.5,7.6,±,6.4,7.4,±,1.4,-3.5,±,2.2,14.3,-LRB-,<,0.001,-RRB-,<,0.1,-LRB-,NS,-RRB-,3.4,-LRB-,0.042,-RRB-,PC,-LRB-,µg,/,L,-RRB-,568,±,141,-1219,±,396,603,±,173,-1015,±,352,1628,±,621,-1908,±,793,9.3,-LRB-,<,0.001,-RRB-,19.4,-LRB-,<,0.001,-RRB-,0.7,-LRB-,NS,-RRB-,Fairchild,and,Velinsky,324,Chlorophyll,a,-LRB-,µg,/,L,-RRB-,*,1.1,±,0.3,-13.1,±,4.1,3.5,±,2.8,-173,±,163,13.0,±,9.5,-42.8,±,12.0,7.3,-LRB-,0.002,-RRB-,50.8,-LRB-,<,0.001,-RRB-,0.6,-LRB-,NS,-RRB-,DOC,*,-LRB-,mg/L,-RRB-,1.3,±,0.2,-2.5,±,0.4,1.6,±,0.3,-15.8,±,13.1,2.2,±,0.5,-3.4,±,0.5,2.1,-LRB-,NS,-RRB-,45.5,-LRB-,<,0.001,-RRB-,0.7,-LRB-,NS,-RRB-,Alkalinity,-LRB-,mg/L,as,CaCO3,-RRB-,32.5,±,5.9,SiO2,-LRB-,mg/L,-RRB-,*,19.2,±,1.7,Total,N,-LRB-,mg/L,-RRB-,*,3.20,±,0.51,-5.4,±,3.0,14.1,±,2.0,1.49,±,0.39,36.8,±,8.2,20.7,±,1.7,1.95,±,0.50,-6.1,±,7.6,16.4,±,2.3,1.09,±,0.48,50.3,±,7.3,21.4,±,2.6,2.72,±,0.59,-1.5,±,4.8,14.9,±,2.2,1.51,±,0.51,9.0,-LRB-,<,0.001,-RRB-,1.1,-LRB-,NS,-RRB-,4.5,-LRB-,0.017,-RRB-,2.2,-LRB-,NS,-RRB-,57.9,-LRB-,<,0.001,-RRB-,11.4,-LRB-,0.001,-RRB-,0.2,-LRB-,NS,-RRB-,1.4,-LRB-,NS,-RRB-,0.1,-LRB-,NS,-RRB-,NO23-N,-LRB-,mg/L,-RRB-,*,NH3-N,-LRB-,mg/L,-RRB-,*,DON,-LRB-,mg/L,-RRB-,3.03,±,0.50,0.016,±,0.002,0.12,±,0.02,2.11,±,0.35,-0.130,±,0.103,-0.29,±,0.05,1.75,±,0.48,0.021.0,±,0.003,0.13,±,0.03,1.56,±,0.45,-0.054.7,±,0.022,-0.27,±,0.04,2.32,±,0.64,0.033,±,0.009,0.21,±,0.06,2.07,±,0.57,-0.008,±,0.021,-0.28,±,0.07,10.1,-LRB-,<,0.001,-RRB-,0.4,-LRB-,NS,-RRB-,3.6,-LRB-,0.034,-RRB-,66.4,-LRB-,<,0.001,-RRB-,5.4,-LRB-,0.025,-RRB-,95.0,-LRB-,<,0.001,-RRB-,2.2,-LRB-,NS,-RRB-,2.0,-LRB-,NS,-RRB-,<,0.1,-LRB-,NS,-RRB-,PN,-LRB-,mg/L,-RRB-,0.04,±,0.02,-0.20,±,0.07,0.04,±,0.02,-0.14,±,0.04,0.15,±,0.07,-0.27,±,0.09,8.0,-LRB-,0.001,-RRB-,26.6,-LRB-,<,0.001,-RRB-,0.9,-LRB-,NS,-RRB-,Total,P,-LRB-,µg,/,L,-RRB-,*,16.2,±,2.5,-28.1,±,12.0,23.6,±,4.0,-22.2,±,7.8,49.5,±,16.2,-19.4,±,15.0,8.0,-LRB-,0.001,-RRB-,30.2,-LRB-,<,0.001,-RRB-,0.3,-LRB-,NS,-RRB-,SRP,-LRB-,µg,/,L,-RRB-,*,5.5,±,1.5,2.0,±,2.1,7.9,±,1.4,5.8,±,1.5,11.0,±,4.3,8.5,±,4.2,0.8,-LRB-,NS,-RRB-,30.7,-LRB-,<,0.001,-RRB-,2.3,-LRB-,NS,-RRB-,DOP,-LRB-,µg,/,L,-RRB-,2.8,±,0.6,-8.7,±,2.5,3.0,±,0.8,-7.7,±,1.0,8.6,±,3.1,-6.1,±,2.9,5.0,-LRB-,0.011,-RRB-,31.5,-LRB-,<,0.001,-RRB-,0.3,-LRB-,NS,-RRB-,PP,-LRB-,µg,/,L,-RRB-,7.8,±,2.3,-21.4,±,8.4,12.7,±,3.3,-20.3,±,6.5,29.9,±,10.7,-21.8,±,10.6,7.1,-LRB-,0.002,-RRB-,17.2,-LRB-,<,0.001,-RRB-,<,0.1,-LRB-,NS,-RRB-,*,indicates,parameter,that,was,log10-transformed,prior,to,analysis,to,adjust,for,heterogeneous,variances,among,treatment,groups,.
1	1	Location,and,Description,of,Sites,Basswood,Road,Lake,Basswood,Road,Lake,occupies,a,small,basin,in,Paleozoic,metasedimentary,rocks,with,an,area,of,about,10,acres,-LRB-,4,h,-RRB-,,,4.5,miles,-LRB-,7.2,km,-RRB-,northwest,of,St.,Stephen,,,New,Brunswick,-LRB-,45,',15,',15,'',N.,Lat.,,,67,',19,',50,'',W.,Long,.,-RRB-
0	0	Successional,stages,in,the,pollen,record,were,interpreted,as,discrete,vegetation,communities,in,the,field,,,all,occurring,at,present,day,as,part,of,a,mosaic-like,vegetation,.
1	1	The,forest,was,initially,composed,of,Nothofagus,antarctica,,,and,was,replaced,soon,afterwards,62,-LRB-,a,-RRB-,I,_,Harberton,-LRB-,54,°,53,',S,,,67,°,10,',W,-RRB-,V.,MARKGRAF,Paso,Garibaldi,-LCB-,54,°,43,',S,,,67,050,',W,-RRB-,-RRB-,10,I,20,40,60,80,O,20,40,0,%,Pollen,Markgraf,1989,b,20,40,60,0,.5,1,0,Charcoal,-LRB-,50-150p,x,103cm,``,3,-RRB-,Rabassa,et,al.,1989,20,40,60,80,O,30,O,20,40,60,80,%,Pollen,Markgraf,1990,-LRB-,b,-RRB-,Puerto,Eden,-LRB-,49,o,08,',S,,,74,o,25,`,W,-RRB-,ooO,/,+1,.
0	0	Holocene,changes,in,the,vegetation,of,the,Midwest,.
1	1	-LRB-,mm,-RRB-,Min,Mean,Max,Min,Mean,Max,Min,Mean,Max,Min,Mean,Max,Early,Holocene,-LRB-,11,650,--,9,800,cal,yr,BP,-RRB-,MERS,wFN,À10,À6,MORSI,wFN,À12,À6,MERS,noFN,À14,À4,MORSI,noFN,À12,À5,1,27,54,104,16,21,24,88,105,126,4,40,55,84,18,20,24,81,94,138,7,41,64,90,16,21,27,82,109,128,5,39,58,88,16,20,24,83,100,140,Younger,Dryas,-LRB-,12,850,--,11,650,cal,yr,BP,-RRB-,MERS,wFN,À19,À12,À4,44,77,108,12,15,18,68,95,111,MORSI,wFN,À13,À8,À4,42,79,107,12,16,19,80,92,100,MERS,noFN,À21,À16,À3,35,64,137,11,13,18,60,87,145,MORSI,noFN,À16,À9,À3,45,80,132,10,14,18,69,95,142,Allerød,-LRB-,13,900,--,12,850,cal,yr,BP,-RRB-,MERS,MORSI,wFN,wFNa,À11,À10,MERS,noFN,À21,MORSI,noFN,À17,À10,À10,À16,À8,À9,91,À10,60,À4,38,À1,55,94,60,72,95,97,15,60,18,134,11,131,10,15,18,14,15,15 105 108 111,18 105 105 105,17,63,92,144,19,78,119,155,Bølling,-LRB-,14,640,--,13,900,cal,yr,BP,-RRB-,MERS,wFN,À20,À16,À8,29,56,107,10,13,16,55,79,114,MORSI,wFN,À22,À16,À8,30,56,76,8,11,16,73,93,109,MERS,noFN,À20,À18,À16,29,46,70,10,12,14,52,71,87,MORSI,noFN,À22,À16,À4,30,58,84,8,11,17,73,96,125,Oldest,Dryas,-LRB-,16,000,--,14,640,cal,yr,BP,-RRB-,MERS,wFN,À19,À18,MORSI,wFN,À13,À7,MERS,noFN,À19,À18,MORSI,noFN,À22,À20,À16,À4,À16,À17,29,40,29,29,46,56,46,40,60,10,11,12,54,68,79,91,17,20,22,81,91,105,60,10,11,12,54,67,79,66,8,9,10,69,80,88,DJF,:,mean,winter,values,that,have,been,averaged,from,the,mean,monthly,values,for,December,,,January,,,and,February,.
1	1	Vegetation,and,ﬁre,history,during,the,last,18,000,cal,yr,BP,in,Southern,Patagonia,:,Mallín,Pollux,,,Coyhaique,,,Province,Aisén,-LRB-,45,41,′,30,″,S,,,71,50,′,30,″,W,,,840,m,elevation,-RRB-,.
0	0	.
1	1	Table,3,Canonical,coefﬁcients,,,associated,t-values,and,intra-set,correlations,for,the,ﬁrst,three,axes,of,the,three,forward,selected,variables,in,the,ﬁnal,CCA,Canonical,coefﬁcients,t-values,Intra-set,correlations,Environmental,variable,Axis,1,Axis,2,Axis,3,Axis,1,Axis,2,Axis,3,Axis,1,Axis,2,Axis,3,AT,SiO2,TKN,-RRB-,1.02,0.71,-RRB-,0.05,-RRB-,0.2,-RRB-,0.53,1.23,-RRB-,0.42,-RRB-,0.86,0.04,-RRB-,5.5,*,3.49,*,-RRB-,0.22,-RRB-,1.67,-RRB-,3.98,*,9.2,*,-RRB-,2.81,*,-RRB-,5.16,*,0.21,-RRB-,0.79,0.38,0.04,-RRB-,0.01,0.04,0.87,-RRB-,0.61,-RRB-,0.92,-RRB-,0.50,*,Signiﬁcant,at,P,<,0.05,.
0	0	Inset,shows,direction,and,strength,of,environmental,correlations,,,where,the,length,of,the,vector,is,proportional,to,the,strength,of,the,correlation,.
1	1	This,site,is,located,about,100,km,inland,to,the,south,of,the,town,of,Rio,Grande,,,at,100,m,elevation,in,the,Andean,foothills,-LRB-,lat,54,°,20,'S,,,long,67,°,45,`,W,-RRB-,-LRB-,Text-Figure,2,,,site,2,-RRB-,.
0	0	Hdntley,,,B.,and,Prentice,,,I.C.,-LRB-,1993,-RRB-,.
1	1	This,deposit,is,situated,at,the,edge,of,a,large,valley,of,the,lower,course,of,the,Ohře,-LRB-,Eger,,,in,German,-RRB-,River,-LRB-,50,°,23ʹ,12ʺ,N,,,14,°,7ʹ,50ʺ,E,,,180,m,above,sea,level,-RRB-,.
1	1	Thirty,accelerator,mass,spectrometry,radiocarbon,dates,,,biostratigraphy,and,tephra,correlation,reveal,that,a,119,m,sediment,core,recovered,from,the,Huiñaimarca,sub-basin,of,Lake,Titicaca,-LRB-,16.0,°,to,17.5,°,S,,,68.5,°,to,70,°,W,;,3810,masl,-RRB-,contains,sediments,covering,N,151,000,years,.
0	0	After,1.7,cal,ka,BP,assemblages,remained,relatively,stable,until,,,around,100,cal,a,BP,,,forest,cover,slightly,declined,caused,by,European,settlement,and,deforestation,.
1	1	In,a,study,of,the,vertical,micro-zonation,of,testate,amoebae,from,re,-,18,Hummock,H.M.,Roe,et,al.,/,European,Journal,of,Protistology,60,-LRB-,2017,-RRB-,13,--,27,Transition,zone,AAArrsccseeullllliaanacdiastmicunoisudcsoetrsyutpyempe,TTTPEEBAPNHHCHNHCCCNNHHC,%,CrriiosshuuuyyyyaeeeeeeeheetllilorlsLgnecabnagbganbbnrbiillllllaneeytttrluneueeeoenvrrrloyycooolllloogiioodnooouctpppsssmeapaapaalnnrpoopppoyphphpnateengaayodtipyyyxrrruilhahahrmmiemixcifiliniexxxsiaantflleeesiiiaanshtilcntndesttssstannnuissiiiieuaroaaiabayonpharmrraaaagrlaaaairigaierncdhedcvccerinciassoeonerer,-LRB-,aalauuclctuuauvsfllgtllologdieuaenbaeaeuloupupallncfigsciilataasaothvaatttdtsmiayailsdanaeaai/vcppasstctasaoevlyyluaimlpprs3eeedsixs1c0oi0,-RRB-,des,BMuolikstdureenscitoynt,-LRB-,eg/nct,-LRB-,m3,%,-RRB-,-RRB-,A,0,1,2,3,4,5,Depth,-LRB-,cm,-RRB-,6,7,8,9,10,11,12,13,14,15,16,17,18,19,0,0,0,20,40,60,80,0,0,0,0,0,0,0,0,0,0,0,20,40,0,0,20,0,20,0,20,0,0,0,0,0,20,0,0,10,20,0,1,150,200 3600 13200,0,20,40,85,87,89,91,0.06,0.10,%,100,-RRB-,Depth,to,water,table,:,40,cm,x,Moisture,content,-LRB-,%,-RRB-,Bulk,density,-LRB-,g/cm3,-RRB-,-LRB-,tests/cm3,Concentration,%,Living,Transition,zone,Assulina,muscorum,TTTTPBAHHCCCrrrliiisouhyyeelltarlsgngcanilleyatdulnennlrooogiooooupsmcpanclpppypoaeaneayyyxrrrlhuieixxilsxiiaalesinanetssnsnasiieamynaraaielaamrricdxncvcicserneuoaulculultloluisatubeopakcfialaomeatdladeaivetstaayopnse,Depth,-LRB-,cm,-RRB-,B,0,1,2,3,4,5,6,7,8,9,10,11,12,13,14,15,16,17,18,Unhumified,,,living,Sphagnum,-LRB-,green,stems,-RRB-,Humified,Sphagnum,peat,Transition,zone,-LRB-,see,Fig.,2,-RRB-,Live,specimens,0,20,40,60,0,20,0,0,0,20,0,0,20,0,20,0,20,40,0,20,0,0,1,2,96 128 160 2400,8800,0,8,16,79,83,87,0.03,0.05,0.07,%,Depth,to,water,table,:,72,cm,100,-RRB-,x,Moisture,content,-LRB-,%,Bulk,density,-RRB-,-LRB-,tests/cm3,TTTTBAPCHCCHCHCErrriiisouhyyeaeeeeutllrlsnggcnannbngillaeytttltrluennnlrrroroogyioooouocotposmpaplnrppppopyppaenhaayyoyyyxrruylhieaixxcilsxxxiiaxnlesiiiaitnhtesssssanssiuieaaynamrbaacclaaimararicdecaocvinccsnrernesuanlcuuuulcgtlolllusisatibetuoupueaclfirsaliasoaaattdmtacitdteaiavcaasataovtllyayirpspeediscoides,Concentration,%,Living,Transition,zone,Assulina,muscorum,Depth,-LRB-,cm,-RRB-,C,0,1,2,3,4,5,6,7,8,9,10,11,12,13,14,15,16,17,18,19,0,20,40,60,0,200,0,0,0,0,0,20,40,600,0,0,20,0,0,0,0,0,1100 140 180,15,45,75,1050,10,20,65,75,85,90,0,0.08,0.16,%,Depth,to,water,table,:,57,cm,Fig.,3,.
1	1	To,understand,the,relative,inﬂuence,of,precipitation,and,temperature,on,late,-,and,postglacial,ecosystem,changes,in,southernmost,South,America,,,we,compare,the,vegetation,,,ﬁre,,,and,climate,history,from,a,site,at,the,upper,treeline,in,Tierra,del,Fuego,-LRB-,Paso,Garibaldi,,,54,°,43,′,S,,,76,°,10,′,W,,,c,420,m,-RRB-,with,two,sites,at,low,elevation,-LRB-,Harberton,,,54,°,54,′,S,,,67,°,10,′,W,,,20,m,;,and,Rio,Rubens,,,52,°,4,′,48,″,S,,,71,°,31,′,12,″,W,,,220,m,-LRB-,Fig.,1,-RRB-,-RRB-,.
0	0	It,is,true,that,LW-to-HOL,δ13Cenamel,trends,are,,,superﬁcially,,,also,consistent,with,canopy,effects,induced,by,Holocene,forests,on,small,mammal,forage,.
0	0	Between,the,depth,intervals,of,1375,to,1700,cm,,,the,sampling,interval,was,25,cm,or,finer,.
1	0	In,the,upper,48,m,of,the,core,,,high,calcium,carbonate,concentrations,,,which,represent,times,of,lowered,lake,level,,,occurred,during,the,mid-Holocene,and,MIS5e,,,thus,during,global,warm,periods,.
0	0	Ecology,68,,,791e802,.
1	1	Lake,Sedmo,Rilsko,-LRB-,Bulgaria,-RRB-,:,Lateglacial,vegetation,history,ELISSAVETA,BOZILOVA,&,SPASSIMIR,TONKOV,Laboratory,of,Palynology,,,Department,of,Botany,,,Faculty,of,Biology,,,Soﬁa,University,``,St.,Kliment,Ohridski,'',,,Soﬁa,,,Bulgaria,Site,details,The,glacial,Lake,Sedmo,Rilsko,-LRB-,42,◦,12,39.64,N,,,23,◦,19,36.73,E,;,2095,m,a.s.l.,-RRB-,is,situated,in,the,lower,part,of,the,subalpine,vegetation,belt,above,the,present,tree-line,in,the,north-western,Rila,Mountains,in,the,cirque,of,the,Seven,Rila,Lakes,,,Bulgaria,.
1	1	Site,description,--,Crystal,Lake,-LRB-,42u14,.079,N,,,88u21,.489,W,;,Fig.,1,-RRB-,is,an,oblong,-LRB-,0.58,3,2.33,km,-RRB-,,,hydrologically,open,lake,that,occupies,a,kettle,basin,formed,in,glacial,drift,of,the,last,glaciation,-LRB-,Curry,2005,-RRB-,.
0	0	Substantial,values,of,ARTEMISIA,and,CHENOPODIACEAE,AND,AMARANTHACEAE,indicate,the,presence,of,open,vegetation,in,the,region,.
0	0	Coldest,month,mean,temperature,increased,,,by,between,0.9,C,and,2.1,C,,,although,mean,values,remained,1.5,e3,.0,C,cooler,than,present,,,with,the,coolest,absolute,value,at,the,eastern,site,but,the,greatest,difference,from,the,present,value,at,the,western,site,.
0	0	Late,summer,and,winter,temperatures,were,higher,than,present,and,may,have,promoted,the,upslope,expansion,of,Pseudotsuga,from,ca.,9700,to,2500,cal,yr,B.P.,Thompson,et,al.,-LRB-,1999,-RRB-,suggest,that,Pseudotsuga,menziesii,does,not,tolerate,extreme,seasonality,or,dry,winters,,,conditions,that,were,better,developed,in,the,early,Holocene,than,in,the,middle,Holocene,or,at,present,.
1	1	Our,study,site,-LRB-,25,°,21,′,10,″,N,,,81,°,6,′,52,″,W,-RRB-,is,located,on,the,edge,of,Ponce,de,Leon,Bay,,,at,the,mouths,of,Whitewater,Bay,and,Shark,River,Estuary,-LRB-,Fig.,1,-RRB-,.
0	0	Weather,and,climate,.
0	0	Holocene,changes,in,the,vegetation,of,the,Midwest,.
1	0	In,the,central,Andes,,,15,species,of,Polylepis,-,Drivers,of,change,in,Polylepis,woodlands,-,1043,Fig.,1,.
1	1	Study,area,The,study,area,is,located,on,the,eastern,side,of,the,western,Cordillera,of,southern,Ecuador,at,2,‡,45PS,79,‡,10PW,-LRB-,Fig.,1,-RRB-,.
0	1	THE,POLLENDIAGRAMLAGUNADE,PALACIO,-LRB-,Fig.,7,-RRB-,The,lake,-LRB-,location,5,°,15,',N,73o48,',W,-RRB-,lies,at,5,km,south,of,Ubat,~,-LRB-,Fig.l,-RRB-,.
0	0	,,Unterwegs,zum,Goldenen,Vlies,.
1	1	n/a,AA57044,AA59576,Material,inferred,charcoal,sediment,Tre02A,1.59,--,1.60,1.43,AA59577,sediment,Tre02B,Tre02A,2.41,2.95,--,2.96,2.24,2.735,AA57045,AA59578,charcoal,sediment,Tre02A,3.31,--,3.32,3.075,AA59579,sediment,Tre02B,3.55,3.30,AA57046,charcoal,Tre02B,Tre02B,3.91,4.45,3.62,4.13,AA57047,AA57048,charcoal,charcoal,Tre02A,Tre02A,Tre02A,4.52,--,4.53,5.00,--,5.01,5.22,--,5.23,4.205,4.685,4.865,AA59580,AA59582,AA59581,sediment,sediment,sediment,Tre02B,5.42,--,5.43,5.035,AA54517,twig/charcoal,Tre02A,5.50,--,5.51,5.115,AA59583,sediment,Tre02A,5.86,--,5.87,5.385,AA59584,sediment,Age,-LRB-,cal,yr,BP,-RRB-,=,119.69,×,adj,depth3,−,487.64,×,adj,depth2,+,2010.6,×,adj,depth,−,52,14C,yr,BP,0,1224,+,71,1836,+,36,2241,+,36,2990,+,80,4001,+,40,4516,+,41,5120,+,150,5630,+,100,7271,+,75,7641,+,48,10040,+,59,10313,+,57,10733,+,67,11695,+,62,12,865,+,68,cal,yr,BP,b,−,52,985,--,1033,,,1049,--,1173,1620,--,1673,,,1687,--,1740,,,1757,--,1778,2134,--,2184,,,2196,--,2206,,,2232,--,2306,2967,--,3211,4296,--,4330,,,4350,--,4374,,,4378,--,4441,4967,--,5016,,,5032,--,5072,,,5107,--,5128,,,5166,--,5277,5615,--,5628,,,5643,--,5940,,,5974,--,5982,6282,--,6473,7961,--,8057,,,8089,--,8112,,,8116,--,8156,8353,--,8423,11397,--,11705,,,11664,--,11705,11995,--,12188,,,12200,--,12237,,,12320,--,12344,12737,--,12839,13454,--,13630,15041,--,15313,Median,probability,age,-LRB-,cal,yr,BP,-RRB-,b,−,52 1094 1703,2221,3097,4391,5120,5815,6372,8040,8393,11551,12131,12785,13548,15192,Lago,Mosquito,Mos03A,0,0,n/a,inferred,0,−,53,Mos03A,0.45,--,0.46,0.455,AA58860,sediment,654,+,33,554,--,569,,,593,--,635,Mos03A,1.05,--,1.06,1.055,AA58861,sediment,577,+,32,523,--,552,Mos03A,2.45,--,2.46,2.455,AA58862,sediment,1600,+,33,1386,--,1422,,,1432,--,1442,,,1460,--,1515,Mos03A,3.085,3.085,AA58874,charcoal,1610,+,150,1304,--,1574,,,1579,--,1605,Mos03A,3.08,--,3.09,3.085,AA58863,sediment,1818,+,34,1612,--,1719,Mos03A,3.49,--,3.50,3.495,AA58864,sediment,2066,+,34,1900,--,1912,,,1921,--,1997,Mos03A,3.49,3.49,AA58875,charcoal,2300,+,130,2006,--,2023,,,2038,--,2362,Mos03A,4.20,--,4.21,4.205,AA58865,sediment,2421,+,34,2340,--,2368,,,2387,--,2457,Mos03A,4.915,4.915,AA58876,charcoal,2699,+,76,2620,--,2631,,,2709,--,2861,Mos03A,4.91,--,4.92,4.915,AA58866,sediment,2859,+,35,2856,--,2955,Mos03A,6.15,--,6.16,6.155,AA58867,sediment,3711,+,37,3904,--,3995,,,4038,--,4077,Mos03A,7.40,--,7.41,7.405,AA59431,sediment,4495,+,40,4961,--,5068,,,5109,--,5123,,,5169,--,5172,,,5181,--,5274,Mos03A,8.25,--,8.26,8.255,AA58868,sediment,4629,+,40,5070,--,5108,,,5124,--,5167,,,5175,--,5176,,,5276,--,5322,,,5418,--,5441,Mos03A,9.25,--,9.26,9.135,AA58869,sediment,5038,+,39,5648,--,5748,,,5831,--,5843,Mos03A,10.25,--,10.26,10.135,AA58870,sediment,5714,+,47,6351,--,6367,,,6396,--,6497,Mos03A,11.25,--,11.26,11.135,AA58871,sediment,6499,+,43,7324,--,7402,,,7408,--,7421,Mos03A,12.08,--,12.09,11.965,AA58872,sediment,6892,+,45,7611,--,7704,Mos03A,13.08,--,13.09,12.965,AA58873,sediment,7218,+,51,7937,--,8021,Mos03C,14.82,14.70,AA58903,wood,8200,+,47,9007,--,9134,,,9185,--,9186,Age,-LRB-,cal,yr,BP,-RRB-,=,0.0559,×,adj,depth5,−,1.961,×,adj,depth4,+,22.266,×,adj,depth3,−,85.536,×,adj,depth2,+,687.08,×,adj,depth,−,53,−,53 606 540 1444,1471 1670 1961 2245,2405 2762 2906 3978,5051,5237,5710 6441 7362 7668,7983,9091,a,Adjusted,depths,-LRB-,adj,depths,-RRB-,were,used,to,calculate,the,age-depth,model,.
0	0	In,the,first,main,diagram,Alnus,has,been,excluded,from,the,pollen,sum,,,while,in,the,second,one,Alnus,is,included,.
0	0	Basaltic,volcanism,in,the,Bering,Sea,:,geochronology,and,volcanic,evolution,of,St.,Paul,Island,,,Pribilof,Islands,,,Alaska,.
0	0	Eds,.,-RRB-
0	0	Millennial-scale,variability,during,the,last,glacial,in,vegetation,records,from,Europe,.
1	1	Sedimentation,rates,for,post-glacial,pollen,records,from,southern,Chile,between,latitudes,44,and,47,°,S.,-LRB-,Laguna,Six,Minutes,-LRB-,46,°,25,′,S,,,74,°,20,′,W,,,20,m,-RRB-,,,Laguna,Stibnite,-LRB-,46,°,25,′,S,,,74,°,24,′,W,,,20,m,-RRB-,,,M.,Pollux,-LRB-,45,°,55,′,S,,,71,°,41,′,W,,,640,m,-RRB-,,,Laguna,Lincoln,-LRB-,45,°,22,′,S,,,74,°,04,′,W,,,25,m,-RRB-,,,Laguna,Lofel,-LRB-,44,°,53,′,S,,,74,°,24,′,W,,,25,m,-RRB-,,,Laguna,Oprasa,-LRB-,44,°,21,′,S,,,73,°,39,′,W,,,50,m,-RRB-,and,Laguna,Facil,-LRB-,44,°,19,′,S,,,74,°,17,′,W,,,10,m,-RRB-,,,and,two,partial,postglacial,sequences,from,Laguna,Marcelo,-LRB-,46,°,28,′,S,,,74,°,10,′,W,,,60,m,-RRB-,and,Laguna,Miranda,-LRB-,46,°,08,′,S,,,73,°,26,′,W,,,120,m,-RRB-,.
0	0	Surficial,geology,of,the,Lisbon,Falls,South,7.5,V,quadrangle,,,Androscoggin,,,Cumberland,,,and,Sagadahoc,Counties,,,Maine,.
0	0	59,,,70e78,.
0	0	S.,1962,.
1	1	Low,richness,values,were,consistently,observed,in,the,Fosheim,region,of,Ellesmere,and,Axel,Heiberg,Islands,,,although,the,terrestrial,vegetation,in,this,relatively,warm,region,is,diverse,1958,Journal,of,Biogeography,31,,,1955,--,1973,,,ª,2004,Blackwell,Publishing,Ltd,Arctic,diatom,biogeography,Table,1,Summary,of,the,physical,and,chemical,characteristics,of,62,Canadian,Arctic,lakes,Name,Variable,Unit,Mean,Median,Minimum,Lat,Long,Elev,DFC,AT,SfcA,Dep,pH,Ca,Mg,Na,K,Cl,SO4,SiO2,Cond,DIC,DOC,TKN,NN,NH3,PP,TPuf,CHLa,Latitude,Longitude,Elevation,Distance,from,coast,Mean,July,air,temperature,Lake,surface,area,Depth,pH,Ca,Mg,Na,K,Cl,Sulphate,Silica,Conductivity,Dissolved,inorganic,carbon,Dissolved,organic,carbon,Total,Kjeldahl,nitrogen,Nitrate,--,nitrite,Nitrate,Particulate,phosphorus,Total,unﬁltered,phosphorus,Chlorophyll,a,-LRB-,d.d.,-RRB-,-LRB-,d.d.,-RRB-,-LRB-,m,-RRB-,-LRB-,km,-RRB-,-LRB-,°,C,-RRB-,-LRB-,km2,-RRB-,-LRB-,m,-RRB-,-LRB-,mg,L,-RRB-,1,-RRB-,-LRB-,mg,L,-RRB-,1,-RRB-,-LRB-,mg,L,-RRB-,1,-RRB-,-LRB-,mg,L,-RRB-,1,-RRB-,-LRB-,mg,L,-RRB-,1,-RRB-,-LRB-,mg,L,-RRB-,1,-RRB-,-LRB-,mg,L,-RRB-,1,-RRB-,-LRB-,lS,cm,-RRB-,1,-RRB-,-LRB-,mg,L,-RRB-,1,-RRB-,-LRB-,mg,L,-RRB-,1,-RRB-,-LRB-,mg,L,-RRB-,1,-RRB-,-LRB-,mg,L,-RRB-,1,-RRB-,-LRB-,mg,L,-RRB-,1,-RRB-,-LRB-,mg,L,-RRB-,1,-RRB-,-LRB-,mg,L,-RRB-,1,-RRB-,-LRB-,lg,L,-RRB-,1,-RRB-,75.32,-RRB-,94.76,183,15,5.29,0.5727,6.8,7.8,20.91,5.15,4.73,0.765,6.69,20.41,0.572,131.2,10.80,1.88,0.173,0.011,0.011,0.009,0.012,0.65,75.29,-RRB-,94.71,151,8,5.05,0.1711,5.5,7.9,14.8,4.25,0.76,0.21,1.59,2.1,0.36,79.1,8.53,1.1,0.102,0.01,0.008,0.004,0.006,0.62,69.87,-RRB-,113.94,15,1,2.93,0.0001,2.0,7.0,0.08,0.01,0.07,0.008,0.01,0.1,0.003,5.0,0.2,0.5,0.02,0.003,0.003,0.002,0.005,0.1,Maximum,82.13,-RRB-,66.98,732,62,7.11,8.16,20.0,8.6,140.00,21.70,101.0,13.6,202.0,395.0,2.25,998.0,42.6,13.5,1.1,0.046,0.07,0.064,0.071,1.77,SD,3.51,10.37,123,16,0.99,1.2776,4.2,0.4,22.3,5.15,15.35,1.86,26.58,62.19,0.597,188.6,8.94,2.24,0.203,0.009,0.012,0.013,0.015,0.45,and,productive,-LRB-,Edlund,&,Alt,,,1989,;,CAVM,team,,,2003,;,Fig.,1d,-RRB-,.
0	0	5,.
1	1	The,studied,lakes,,,Laguna,Angel,-LRB-,4,°,28,`,N,,,70,°,34Wq,,,200m,a.s.,1,.,-RRB-
0	0	Edited,by,K.,K.,Turekian,.
0	0	Farlow,et,al.,-LRB-,1986,-RRB-,noted,carnivore,chewing,on,the,attached,antlers,of,a,Cervalces,cranium,from,Indiana,.
1	1	It,is,located,near,the,west,coast,of,Magerøya,,,ca,2.5,km,south,of,the,hamlet,of,Gjesvær,-LRB-,Fig.,1,-LRB-,b,-RRB-,and,2,-LRB-,a,-RRB-,;,71,40,2800,N,,,25,220,500,E,,,41,m,above,sea,level,-LRB-,a.s.l.,-RRB-,-RRB-,and,has,a,surface,area,of,ca,2.5,ha,.
0	1	Sites,and,sampling,The,western,site,is,located,on,the,island,of,Magerøya,,,best,known,because,its,northernmost,point,,,Nordkapp,-LRB-,71,100,2100,N,,,25,470,4000,E,-RRB-,,,is,often,considered,to,be,the,northernmost,point,in,Europe,,,as,well,as,marking,the,boundary,between,the,Norwegian,and,Barents,Seas,.
0	0	Sci,.
0	0	Acknowledgments,Support,for,this,research,was,provided,by,Rockies,Express,Pipeline,LLC,and,NSF,Grant,#,1125549,.
0	0	Development,of,widespread,mangrove,swamps,in,mid-Holocene,times,in,northern,Australia,.
0	0	The,pattern,of,P.,abies,spread,in,central,Sweden,is,complex,.
1	1	82,L.,Bjo,``,rkman,et,al.,/,Review,of,Palaeobotany,and,Palynology,124,-LRB-,2003,-RRB-,79,^,111,500,47,°,49,',23,°,31,',700,23,°,32,',600,Talna,River,v,594,23,°,33,',UKRAINE,48,°,N,800,ROMANIA,Negresti-Oas,Satu,Mare,N,Study,area,23,°,E,0,30,km,v,968,700,600,700,Tiganului,v,843,Tigan,800,Steregoiu,900,Pietroasa,775,v,47,°,48,',800,1000,1094,v,N,0,1000,1,km,Pietroasa,v,1200,900,Fig.,2,.
1	0	51,,,2014,Fig.,1,.
1	1	Kingston,meadow,Kingston,Meadow,-LRB-,2400,m,elev.,,,117.11,W,39.21,N,-RRB-,is,a,wet,meadow,dominated,by,sedge,-LRB-,Carex,rostrata,and,C.,nebrascensis,-RRB-,,,along,a,riparian,system,in,the,Toiyabe,Range,of,central,Nevada,-LRB-,Fig.,1,-RRB-,.
0	1	2,,,T.,114N,,,R.,26W,-LRB-,44,'',45,',N.,lat.,,,93,'',55,',W.,long,.,-RRB-
